arrondissement,population
1,15475
2,20433
3,32772
4,28039
5,55925
6,40432
7,48196
8,35418
9,58419
10,81926
11,139983
12,139788
13,177735
14,137581
15,228754
16,159733
17,161206
18,185825
19,178371
20,187694