arrondissement,nb_logements_sociaux,population,taux_logement_social
13,36162,177735,20.35
19,35792,178371,20.07
20,37188,187694,19.81
14,19958,137581,14.51
12,19101,139788,13.66
18,23953,185825,12.89
15,24510,228754,10.71
17,16195,161206,10.05
10,7367,81926,8.99
4,2475,28039,8.83
11,10942,139983,7.82
1,1166,15475,7.53
5,3189,55925,5.7
3,1627,32772,4.96
9,2245,58419,3.84
16,5944,159733,3.72
2,704,20433,3.45
8,722,35418,2.04
6,727,40432,1.8
7,673,48196,1.4
